num_trajs,fold,train_ll,test_ll
1024.0,0.0,-1.2582289814893932,-1.2651140950272652
